{"DGE": {"0.001": {"train": 0.9627314805984497, "val": 0.9255208373069763}, "0.002": {"train": 0.9978588223457336, "val": 0.9630208611488342}, "0.005": {"train": 0.9993055462837219, "val": 0.9817708134651184}, "0.01": {"train": 1.0, "val": 0.9864583611488342}, "0.02": {"train": 1.0, "val": 0.9838541746139526}, "0.05": {"train": 1.0, "val": 0.9942708611488342}}, "Momentum": {"0.001": {"train": 0.9928819537162781, "val": 0.9828125238418579}, "0.002": {"train": 0.9990741014480591, "val": 0.9906250238418579}, "0.005": {"train": 1.0, "val": 0.9958333373069763}, "0.01": {"train": 1.0, "val": 0.9973958134651184}, "0.02": {"train": 1.0, "val": 0.9932291507720947}, "0.05": {"train": 0.04137731343507767, "val": 0.0364583320915699}}, "RMSprop": {"0.001": {"train": 0.9957175850868225, "val": 0.9895833134651184}, "0.002": {"train": 0.9914930462837219, "val": 0.9828125238418579}, "0.005": {"train": 0.9872106313705444, "val": 0.9729166626930237}, "0.01": {"train": 0.9808449149131775, "val": 0.9776041507720947}, "0.02": {"train": 0.038483794778585434, "val": 0.0364583320915699}, "0.05": {"train": 0.037384260445833206, "val": 0.0364583320915699}}, "Adam": {"0.001": {"train": 0.9861111044883728, "val": 0.984375}, "0.002": {"train": 0.9903935194015503, "val": 0.9885416626930237}, "0.005": {"train": 0.972743034362793, "val": 0.9046875238418579}, "0.01": {"train": 0.9552083611488342, "val": 0.9322916865348816}, "0.02": {"train": 0.8915508985519409, "val": 0.9151041507720947}, "0.05": {"train": 0.0407986119389534, "val": 0.0364583320915699}}}