{"DGE": {"0.001": {"train": 0.9957175850868225, "val": 0.9463541507720947}, "0.002": {"train": 0.9998842477798462, "val": 0.9744791388511658}, "0.005": {"train": 1.0, "val": 0.9817708134651184}, "0.01": {"train": 1.0, "val": 0.9864583611488342}, "0.02": {"train": 1.0, "val": 0.9916666746139526}, "0.05": {"train": 1.0, "val": 0.9927083253860474}}, "Momentum": {"0.001": {"train": 0.996180534362793, "val": 0.984375}, "0.002": {"train": 1.0, "val": 0.9911458492279053}, "0.005": {"train": 1.0, "val": 0.9958333373069763}, "0.01": {"train": 0.9925925731658936, "val": 0.9885416626930237}, "0.02": {"train": 1.0, "val": 0.9958333373069763}, "0.05": {"train": 0.04172453656792641, "val": 0.0364583320915699}}, "RMSprop": {"0.001": {"train": 0.9956597089767456, "val": 0.9901041388511658}, "0.002": {"train": 0.9915509223937988, "val": 0.9942708611488342}, "0.005": {"train": 0.9889467358589172, "val": 0.9854166507720947}, "0.01": {"train": 0.040740739554166794, "val": 0.0364583320915699}, "0.02": {"train": 0.038483794778585434, "val": 0.0364583320915699}, "0.05": {"train": 0.037384260445833206, "val": 0.0364583320915699}}, "Adam": {"0.001": {"train": 0.9903356432914734, "val": 0.9880208373069763}, "0.002": {"train": 0.9880208373069763, "val": 0.9697916507720947}, "0.005": {"train": 0.9748842716217041, "val": 0.9729166626930237}, "0.01": {"train": 0.9296296238899231, "val": 0.9333333373069763}, "0.02": {"train": 0.04137731343507767, "val": 0.0364583320915699}, "0.05": {"train": 0.04091435298323631, "val": 0.0364583320915699}}}