{"train_acc": {"dge": 0.9953703880310059, "momentum": 0.990567147731781, "rmsprop": 0.995312511920929, "adam": 0.9967592358589172}, "val_acc": {"dge": 0.9885416626930237, "momentum": 0.9833333492279053, "rmsprop": 0.9895833134651184, "adam": 0.9927083253860474}, "train_loss": {"dge": 0.022959979251027107, "momentum": 0.03493312746286392, "rmsprop": 0.019258873537182808, "adam": 0.011113017797470093}, "val_loss": {"dge": 0.052477724850177765, "momentum": 0.07452676445245743, "rmsprop": 0.04860936105251312, "adam": 0.03255893662571907}}