{"DGE": {"0.001": {"train": 0.15167683362960815, "val": 0.30689212679862976}, "0.002": {"train": 0.025565529242157936, "val": 0.11585153639316559}, "0.005": {"train": 0.006603528279811144, "val": 0.06754771620035172}, "0.01": {"train": 0.0009931853273883462, "val": 0.043616898357868195}, "0.02": {"train": 0.00027305292314849794, "val": 0.02033565752208233}, "0.05": {"train": 7.476237806258723e-05, "val": 0.02396567538380623}}, "Momentum": {"0.001": {"train": 0.03951257839798927, "val": 0.12217935919761658}, "0.002": {"train": 0.0023660785518586636, "val": 0.02781626582145691}, "0.005": {"train": 0.00011514419747982174, "val": 0.013629491440951824}, "0.01": {"train": 2.8519598345155828e-05, "val": 0.013480011373758316}, "0.02": {"train": 2.5864530471153557e-05, "val": 0.018522165715694427}, "0.05": {"train": 3.191683292388916, "val": 3.2022509574890137}}, "RMSprop": {"0.001": {"train": 0.011797436513006687, "val": 0.09995172172784805}, "0.002": {"train": 0.02733592875301838, "val": 0.04924105107784271}, "0.005": {"train": 0.06025880202651024, "val": 0.12038780748844147}, "0.01": {"train": 0.09403848648071289, "val": 0.44509974122047424}, "0.02": {"train": 3.1829915046691895, "val": 3.183866262435913}, "0.05": {"train": 3.1898601055145264, "val": 3.194843053817749}}, "Adam": {"0.001": {"train": 0.028073091059923172, "val": 0.046206362545490265}, "0.002": {"train": 0.02639331854879856, "val": 0.034673698246479034}, "0.005": {"train": 0.08952663093805313, "val": 0.2131815403699875}, "0.01": {"train": 3.181272268295288, "val": 3.1808016300201416}, "0.02": {"train": 3.182953357696533, "val": 3.1825051307678223}, "0.05": {"train": 3.189012050628662, "val": 3.1877472400665283}}}