{"DGE": {"0.001": {"train": 0.03219309821724892, "val": 0.12330521643161774}, "0.002": {"train": 0.007951281033456326, "val": 0.11406304687261581}, "0.005": {"train": 0.0011419259244576097, "val": 0.06913072615861893}, "0.01": {"train": 0.0008408913272432983, "val": 0.03685658797621727}, "0.02": {"train": 0.00014054661733098328, "val": 0.03341977670788765}, "0.05": {"train": 4.742202872876078e-05, "val": 0.02976086549460888}}, "Momentum": {"0.001": {"train": 0.033670663833618164, "val": 0.07139710336923599}, "0.002": {"train": 0.001586173428222537, "val": 0.028105225414037704}, "0.005": {"train": 7.353183900704607e-05, "val": 0.019433235749602318}, "0.01": {"train": 0.05160370096564293, "val": 0.08940137922763824}, "0.02": {"train": 1.4137142898107413e-05, "val": 0.03473774343729019}, "0.05": {"train": 3.187244415283203, "val": 3.189293384552002}}, "RMSprop": {"0.001": {"train": 0.012096388265490532, "val": 0.031705573201179504}, "0.002": {"train": 0.024409083649516106, "val": 0.042759835720062256}, "0.005": {"train": 0.0506240613758564, "val": 0.10809445381164551}, "0.01": {"train": 0.1699909120798111, "val": 0.2431725561618805}, "0.02": {"train": 3.1829915046691895, "val": 3.183866262435913}, "0.05": {"train": 3.1898601055145264, "val": 3.194843053817749}}, "Adam": {"0.001": {"train": 0.03559364005923271, "val": 0.04230809211730957}, "0.002": {"train": 0.031098125502467155, "val": 0.04345446825027466}, "0.005": {"train": 0.09353208541870117, "val": 0.1217876672744751}, "0.01": {"train": 0.3674938380718231, "val": 0.44112497568130493}, "0.02": {"train": 0.40704891085624695, "val": 0.493334025144577}, "0.05": {"train": 3.1890225410461426, "val": 3.1877400875091553}}}